                  epoch,         train/box_loss,         train/cls_loss,         train/dfl_loss,   metrics/precision(B),      metrics/recall(B),       metrics/mAP50(B),    metrics/mAP50-95(B),           val/box_loss,           val/cls_loss,           val/dfl_loss,                 lr/pg0,                 lr/pg1,                 lr/pg2
                      1,                  3.166,                 4.4983,                 4.3049,                0.00269,                   0.75,                0.01208,                0.00449,                 2.5576,                 4.5729,                 4.1579,              0.0001125,              0.0001125,              0.0001125
                      2,                 3.0763,                 4.5128,                 4.2204,                0.00287,                   0.75,                0.01034,                0.00361,                 2.5522,                 4.5658,                 4.1511,             0.00019048,             0.00019048,             0.00019048
                      3,                 3.0932,                 4.4293,                 4.1866,                0.00282,                   0.75,                0.02617,                0.00761,                 2.5441,                 4.5464,                  4.139,             0.00021895,             0.00021895,             0.00021895
                      4,                 3.1887,                 4.4039,                 4.1565,                0.00261,                   0.75,                0.06744,                0.01927,                 2.5244,                  4.529,                 4.1198,             0.00019793,             0.00019793,             0.00019793
                      5,                 3.0369,                 4.3709,                 4.1402,                0.00259,                   0.75,                0.04762,                0.01539,                 2.5116,                 4.5131,                 4.0955,              0.0001274,              0.0001274,              0.0001274
