                  epoch,         train/box_loss,         train/cls_loss,         train/dfl_loss,   metrics/precision(B),      metrics/recall(B),       metrics/mAP50(B),    metrics/mAP50-95(B),           val/box_loss,           val/cls_loss,           val/dfl_loss,                 lr/pg0,                 lr/pg1,                 lr/pg2
                      1,                  3.166,                 4.4983,                 4.3049,                0.00191,                0.56378,                0.00434,                0.00116,                 2.8015,                 4.8473,                 4.1576,              0.0001125,              0.0001125,              0.0001125
                      2,                 3.0763,                 4.5128,                 4.2204,                0.00194,                0.55422,                0.01164,                0.00183,                  2.798,                 4.8473,                 4.1536,             0.00019048,             0.00019048,             0.00019048
                      3,                 3.0932,                 4.4293,                 4.1866,                0.00196,                0.55822,                0.02575,                0.00609,                  2.792,                 4.8424,                  4.147,             0.00021895,             0.00021895,             0.00021895
                      4,                 3.1887,                 4.4039,                 4.1565,                0.00187,                0.55808,                0.02888,                0.00827,                 2.7861,                 4.8311,                 4.1374,             0.00019793,             0.00019793,             0.00019793
                      5,                 3.0369,                 4.3709,                 4.1402,                0.00192,                0.56604,                 0.0399,                0.01058,                 2.7807,                 4.8158,                 4.1253,              0.0001274,              0.0001274,              0.0001274
